text,embedding
Who were the main opponents of Stoicism?,0.003913204185664654
Who were the main opponents of Stoicism?,0.0015577309532091022
Who were the main opponents of Stoicism?,0.005370806902647018
Who were the main opponents of Stoicism?,-0.003417487721890211
Who were the main opponents of Stoicism?,-0.02986116148531437
Who were the main opponents of Stoicism?,0.02466106414794922
Who were the main opponents of Stoicism?,-0.01730739325284958
Who were the main opponents of Stoicism?,0.011962848715484142
Who were the main opponents of Stoicism?,-0.002242213347926736
Who were the main opponents of Stoicism?,-0.012074466794729233
Who were the main opponents of Stoicism?,0.00952694471925497
Who were the main opponents of Stoicism?,0.01423460803925991
Who were the main opponents of Stoicism?,0.02220546267926693
Who were the main opponents of Stoicism?,0.008075907826423645
Who were the main opponents of Stoicism?,0.01600736752152443
Who were the main opponents of Stoicism?,0.011437586508691311
Who were the main opponents of Stoicism?,0.03550773113965988
Who were the main opponents of Stoicism?,0.017937706783413887
Who were the main opponents of Stoicism?,0.027366165071725845
Who were the main opponents of Stoicism?,-0.008377933874726295
Who were the main opponents of Stoicism?,0.011089600622653961
Who were the main opponents of Stoicism?,0.019854914397001266
Who were the main opponents of Stoicism?,-0.01821346953511238
Who were the main opponents of Stoicism?,-0.009027945809066296
Who were the main opponents of Stoicism?,-0.007320843171328306
Who were the main opponents of Stoicism?,0.04186340421438217
Who were the main opponents of Stoicism?,0.03566531091928482
Who were the main opponents of Stoicism?,-0.018778126686811447
Who were the main opponents of Stoicism?,0.0015889183850958943
Who were the main opponents of Stoicism?,-0.04065530002117157
Who were the main opponents of Stoicism?,0.02609240449965
Who were the main opponents of Stoicism?,-0.018633680418133736
Who were the main opponents of Stoicism?,-0.02066907100379467
Who were the main opponents of Stoicism?,0.0025590122677385807
Who were the main opponents of Stoicism?,-0.021693332120776176
Who were the main opponents of Stoicism?,-0.02013067714869976
Who were the main opponents of Stoicism?,-0.007412764243781567
Who were the main opponents of Stoicism?,-0.004441749304533005
Who were the main opponents of Stoicism?,0.05257875472307205
Who were the main opponents of Stoicism?,0.021483227610588074
Who were the main opponents of Stoicism?,0.0030547284986823797
Who were the main opponents of Stoicism?,0.013486109673976898
Who were the main opponents of Stoicism?,0.00738650094717741
Who were the main opponents of Stoicism?,-0.007307711523026228
Who were the main opponents of Stoicism?,-0.019657941535115242
Who were the main opponents of Stoicism?,0.012126993387937546
Who were the main opponents of Stoicism?,-0.0020239013247191906
Who were the main opponents of Stoicism?,-0.009894628077745438
Who were the main opponents of Stoicism?,-0.008509249426424503
Who were the main opponents of Stoicism?,0.010196654126048088
Who were the main opponents of Stoicism?,0.06009000539779663
Who were the main opponents of Stoicism?,0.032723840326070786
Who were the main opponents of Stoicism?,0.005735207814723253
Who were the main opponents of Stoicism?,-0.00696629099547863
Who were the main opponents of Stoicism?,0.019644809886813164
Who were the main opponents of Stoicism?,-0.021496359258890152
Who were the main opponents of Stoicism?,0.021246859803795815
Who were the main opponents of Stoicism?,0.013262872584164143
Who were the main opponents of Stoicism?,-0.006913764867931604
Who were the main opponents of Stoicism?,5.0115359044866636e-05
Who were the main opponents of Stoicism?,-2.4198485334636644e-05
Who were the main opponents of Stoicism?,0.02649948187172413
Who were the main opponents of Stoicism?,-0.01216638833284378
Who were the main opponents of Stoicism?,0.021837780252099037
Who were the main opponents of Stoicism?,-0.011398191563785076
Who were the main opponents of Stoicism?,0.004225078504532576
Who were the main opponents of Stoicism?,0.004477860871702433
Who were the main opponents of Stoicism?,0.006280167493969202
Who were the main opponents of Stoicism?,-0.02090543881058693
Who were the main opponents of Stoicism?,-0.02930963598191738
Who were the main opponents of Stoicism?,0.017648812383413315
Who were the main opponents of Stoicism?,0.012074466794729233
Who were the main opponents of Stoicism?,-0.02810153365135193
Who were the main opponents of Stoicism?,-0.014904317446053028
Who were the main opponents of Stoicism?,0.00557106314226985
Who were the main opponents of Stoicism?,-0.03222484141588211
Who were the main opponents of Stoicism?,-0.014497239142656326
Who were the main opponents of Stoicism?,-0.028364164754748344
Who were the main opponents of Stoicism?,-0.011733046732842922
Who were the main opponents of Stoicism?,0.00792489480227232
Who were the main opponents of Stoicism?,0.0014395469333976507
Who were the main opponents of Stoicism?,-0.0001586045982548967
Who were the main opponents of Stoicism?,-0.02786516398191452
Who were the main opponents of Stoicism?,-0.002792097395285964
Who were the main opponents of Stoicism?,0.016033630818128586
Who were the main opponents of Stoicism?,-0.0026886863633990288
Who were the main opponents of Stoicism?,-0.00032090244349092245
Who were the main opponents of Stoicism?,0.0022356477566063404
Who were the main opponents of Stoicism?,-0.013348228298127651
Who were the main opponents of Stoicism?,-0.021758990362286568
Who were the main opponents of Stoicism?,0.011503243818879128
Who were the main opponents of Stoicism?,0.017661944031715393
Who were the main opponents of Stoicism?,0.021627675741910934
Who were the main opponents of Stoicism?,0.03902698680758476
Who were the main opponents of Stoicism?,-0.005902634933590889
Who were the main opponents of Stoicism?,-0.016663946211338043
Who were the main opponents of Stoicism?,-0.019933704286813736
Who were the main opponents of Stoicism?,0.008069342002272606
Who were the main opponents of Stoicism?,-0.013348228298127651
Who were the main opponents of Stoicism?,-0.007379935123026371
Who were the main opponents of Stoicism?,0.00907390657812357
Who were the main opponents of Stoicism?,-0.0051672677509486675
Who were the main opponents of Stoicism?,-0.04708976298570633
Who were the main opponents of Stoicism?,-0.011956282891333103
Who were the main opponents of Stoicism?,-0.006040516309440136
Who were the main opponents of Stoicism?,-0.010964849963784218
Who were the main opponents of Stoicism?,0.014707344584167004
Who were the main opponents of Stoicism?,-0.010925455950200558
Who were the main opponents of Stoicism?,0.020301388576626778
Who were the main opponents of Stoicism?,0.016900314018130302
Who were the main opponents of Stoicism?,-0.01454976573586464
Who were the main opponents of Stoicism?,-0.0010841742623597383
Who were the main opponents of Stoicism?,0.006230923812836409
Who were the main opponents of Stoicism?,-0.025908563286066055
Who were the main opponents of Stoicism?,0.0040609342977404594
Who were the main opponents of Stoicism?,-0.02702474594116211
Who were the main opponents of Stoicism?,0.03492994233965874
Who were the main opponents of Stoicism?,-0.012337097898125648
Who were the main opponents of Stoicism?,-0.007169830147176981
Who were the main opponents of Stoicism?,-0.021220596507191658
Who were the main opponents of Stoicism?,-0.00022364684264175594
Who were the main opponents of Stoicism?,-0.012113861739635468
Who were the main opponents of Stoicism?,0.02081351913511753
Who were the main opponents of Stoicism?,0.017635680735111237
Who were the main opponents of Stoicism?,0.019408442080020905
Who were the main opponents of Stoicism?,-0.014786133542656898
Who were the main opponents of Stoicism?,-0.014457845129072666
Who were the main opponents of Stoicism?,-0.012304269708693027
Who were the main opponents of Stoicism?,-0.02341356687247753
Who were the main opponents of Stoicism?,-0.0024867886677384377
Who were the main opponents of Stoicism?,0.01443158183246851
Who were the main opponents of Stoicism?,0.014576029032468796
Who were the main opponents of Stoicism?,0.026998482644557953
Who were the main opponents of Stoicism?,-0.017176076769828796
Who were the main opponents of Stoicism?,-0.011476981453597546
Who were the main opponents of Stoicism?,0.02870558388531208
Who were the main opponents of Stoicism?,-0.027156060561537743
Who were the main opponents of Stoicism?,0.005669550038874149
Who were the main opponents of Stoicism?,-0.023098409175872803
Who were the main opponents of Stoicism?,0.00972391851246357
Who were the main opponents of Stoicism?,0.002581992419436574
Who were the main opponents of Stoicism?,0.013788134790956974
Who were the main opponents of Stoicism?,-0.01191032212227583
Who were the main opponents of Stoicism?,0.005827128421515226
Who were the main opponents of Stoicism?,-0.008161262609064579
Who were the main opponents of Stoicism?,0.020787255838513374
Who were the main opponents of Stoicism?,0.017570024356245995
Who were the main opponents of Stoicism?,0.011962848715484142
Who were the main opponents of Stoicism?,-0.006335976533591747
Who were the main opponents of Stoicism?,0.0025048446841537952
Who were the main opponents of Stoicism?,-0.005984707269817591
Who were the main opponents of Stoicism?,-0.01120778452605009
Who were the main opponents of Stoicism?,-0.005104892887175083
Who were the main opponents of Stoicism?,-0.01898823119699955
Who were the main opponents of Stoicism?,-0.0020747859962284565
Who were the main opponents of Stoicism?,0.004773321095854044
Who were the main opponents of Stoicism?,-0.009592602960765362
Who were the main opponents of Stoicism?,0.016598287969827652
Who were the main opponents of Stoicism?,-0.004993274807929993
Who were the main opponents of Stoicism?,-0.03093794919550419
Who were the main opponents of Stoicism?,0.011122428812086582
Who were the main opponents of Stoicism?,-0.01078757457435131
Who were the main opponents of Stoicism?,0.014365923590958118
Who were the main opponents of Stoicism?,-0.024989353492856026
Who were the main opponents of Stoicism?,0.015967974439263344
Who were the main opponents of Stoicism?,0.013111860491335392
Who were the main opponents of Stoicism?,0.02404388226568699
Who were the main opponents of Stoicism?,0.030727844685316086
Who were the main opponents of Stoicism?,0.007340540643781424
Who were the main opponents of Stoicism?,0.0035520861856639385
Who were the main opponents of Stoicism?,-0.009737050160765648
Who were the main opponents of Stoicism?,0.018187206238508224
Who were the main opponents of Stoicism?,-0.011280007660388947
Who were the main opponents of Stoicism?,0.013151254504919052
Who were the main opponents of Stoicism?,0.002588558243587613
Who were the main opponents of Stoicism?,0.016046762466430664
Who were the main opponents of Stoicism?,0.0008445233106613159
Who were the main opponents of Stoicism?,0.010380496270954609
Who were the main opponents of Stoicism?,-0.019158942624926567
Who were the main opponents of Stoicism?,-0.011490113101899624
Who were the main opponents of Stoicism?,-0.027733849361538887
Who were the main opponents of Stoicism?,-0.009500681422650814
Who were the main opponents of Stoicism?,0.008062776178121567
Who were the main opponents of Stoicism?,0.004294019192457199
Who were the main opponents of Stoicism?,-0.003417487721890211
Who were the main opponents of Stoicism?,0.007550645619630814
Who were the main opponents of Stoicism?,0.005994556006044149
Who were the main opponents of Stoicism?,0.010570903308689594
Who were the main opponents of Stoicism?,-0.0037884542252868414
Who were the main opponents of Stoicism?,0.0030333898030221462
Who were the main opponents of Stoicism?,0.004083914216607809
Who were the main opponents of Stoicism?,0.020091282203793526
Who were the main opponents of Stoicism?,-0.018436705693602562
Who were the main opponents of Stoicism?,-0.013098728843033314
Who were the main opponents of Stoicism?,-0.6454423069953918
Who were the main opponents of Stoicism?,-0.03406326100230217
Who were the main opponents of Stoicism?,-0.01775386556982994
Who were the main opponents of Stoicism?,-0.0159942377358675
Who were the main opponents of Stoicism?,0.023229725658893585
Who were the main opponents of Stoicism?,0.0010004604700952768
Who were the main opponents of Stoicism?,0.005731924902647734
Who were the main opponents of Stoicism?,0.02755000814795494
Who were the main opponents of Stoicism?,-0.03382689133286476
Who were the main opponents of Stoicism?,0.01692657731473446
Who were the main opponents of Stoicism?,0.022704463452100754
Who were the main opponents of Stoicism?,-0.004878373350948095
Who were the main opponents of Stoicism?,0.0007944591925479472
Who were the main opponents of Stoicism?,-0.0022996640764176846
Who were the main opponents of Stoicism?,-0.014615423046052456
Who were the main opponents of Stoicism?,-0.03183089569211006
Who were the main opponents of Stoicism?,0.005141004920005798
Who were the main opponents of Stoicism?,0.014707344584167004
Who were the main opponents of Stoicism?,-0.015324527397751808
Who were the main opponents of Stoicism?,0.00375234242528677
Who were the main opponents of Stoicism?,-0.014681081287562847
Who were the main opponents of Stoicism?,0.01600736752152443
Who were the main opponents of Stoicism?,-0.014812396839261055
Who were the main opponents of Stoicism?,0.005702378693968058
Who were the main opponents of Stoicism?,0.01592857949435711
Who were the main opponents of Stoicism?,0.021299386397004128
Who were the main opponents of Stoicism?,-0.014930580742657185
Who were the main opponents of Stoicism?,-0.0030629357788711786
Who were the main opponents of Stoicism?,-0.006585475988686085
Who were the main opponents of Stoicism?,0.02336104027926922
Who were the main opponents of Stoicism?,-0.02212667465209961
Who were the main opponents of Stoicism?,0.027838902547955513
Who were the main opponents of Stoicism?,0.00024334416957572103
Who were the main opponents of Stoicism?,0.019723599776625633
Who were the main opponents of Stoicism?,0.04406950622797012
Who were the main opponents of Stoicism?,0.0023341344203799963
Who were the main opponents of Stoicism?,-0.04249371960759163
Who were the main opponents of Stoicism?,0.02794395387172699
Who were the main opponents of Stoicism?,-0.004796301480382681
Who were the main opponents of Stoicism?,0.02770758606493473
Who were the main opponents of Stoicism?,-0.028154058381915092
Who were the main opponents of Stoicism?,-0.03787141293287277
Who were the main opponents of Stoicism?,0.00536095816642046
Who were the main opponents of Stoicism?,-0.0053051491267979145
Who were the main opponents of Stoicism?,-0.0018154378049075603
Who were the main opponents of Stoicism?,0.014641686342656612
Who were the main opponents of Stoicism?,0.026197457686066628
Who were the main opponents of Stoicism?,-0.002775682834908366
Who were the main opponents of Stoicism?,0.023229725658893585
Who were the main opponents of Stoicism?,0.005607175175100565
Who were the main opponents of Stoicism?,0.046433188021183014
Who were the main opponents of Stoicism?,0.007255185395479202
Who were the main opponents of Stoicism?,0.002962807659059763
Who were the main opponents of Stoicism?,0.01974986307322979
Who were the main opponents of Stoicism?,0.0014904317213222384
Who were the main opponents of Stoicism?,0.0039657303132116795
Who were the main opponents of Stoicism?,0.037083517760038376
Who were the main opponents of Stoicism?,-0.010971415787935257
Who were the main opponents of Stoicism?,-0.01760941930115223
Who were the main opponents of Stoicism?,0.026998482644557953
Who were the main opponents of Stoicism?,0.003939467016607523
Who were the main opponents of Stoicism?,0.012048203498125076
Who were the main opponents of Stoicism?,-0.00876531470566988
Who were the main opponents of Stoicism?,-0.010117865167558193
Who were the main opponents of Stoicism?,-0.012606294825673103
Who were the main opponents of Stoicism?,0.00748498784378171
Who were the main opponents of Stoicism?,-0.0359804667532444
Who were the main opponents of Stoicism?,0.011838098987936974
Who were the main opponents of Stoicism?,0.01615181565284729
Who were the main opponents of Stoicism?,-0.031200580298900604
Who were the main opponents of Stoicism?,0.00952694471925497
Who were the main opponents of Stoicism?,0.004202098585665226
Who were the main opponents of Stoicism?,-0.022560015320777893
Who were the main opponents of Stoicism?,0.01990744099020958
Who were the main opponents of Stoicism?,0.0215882807970047
Who were the main opponents of Stoicism?,0.004349828232079744
Who were the main opponents of Stoicism?,0.016965972259640694
Who were the main opponents of Stoicism?,-0.01281640026718378
Who were the main opponents of Stoicism?,0.008725919760763645
Who were the main opponents of Stoicism?,-0.011877493932843208
Who were the main opponents of Stoicism?,-0.012868925929069519
Who were the main opponents of Stoicism?,0.010748179629445076
Who were the main opponents of Stoicism?,-0.048639290034770966
Who were the main opponents of Stoicism?,-0.014864922501146793
Who were the main opponents of Stoicism?,0.04845544695854187
Who were the main opponents of Stoicism?,-0.011352231726050377
Who were the main opponents of Stoicism?,-0.018397312611341476
Who were the main opponents of Stoicism?,-0.014917449094355106
Who were the main opponents of Stoicism?,0.003581632161512971
Who were the main opponents of Stoicism?,-0.005101609975099564
Who were the main opponents of Stoicism?,-0.01090575847774744
Who were the main opponents of Stoicism?,0.02702474594116211
Who were the main opponents of Stoicism?,0.0022783251479268074
Who were the main opponents of Stoicism?,0.002865962451323867
Who were the main opponents of Stoicism?,0.02938842587172985
Who were the main opponents of Stoicism?,0.02403075061738491
Who were the main opponents of Stoicism?,0.0010587318101897836
Who were the main opponents of Stoicism?,-0.011772440746426582
Who were the main opponents of Stoicism?,0.011306270956993103
Who were the main opponents of Stoicism?,-0.0211943332105875
Who were the main opponents of Stoicism?,0.021627675741910934
Who were the main opponents of Stoicism?,-0.006053647957742214
Who were the main opponents of Stoicism?,0.013866924680769444
Who were the main opponents of Stoicism?,-0.009750181809067726
Who were the main opponents of Stoicism?,-0.016270000487565994
Who were the main opponents of Stoicism?,0.008673394098877907
Who were the main opponents of Stoicism?,-0.03303899988532066
Who were the main opponents of Stoicism?,0.038239095360040665
Who were the main opponents of Stoicism?,0.03621683642268181
Who were the main opponents of Stoicism?,-0.03143694996833801
Who were the main opponents of Stoicism?,0.016296261921525
Who were the main opponents of Stoicism?,-0.005144287832081318
Who were the main opponents of Stoicism?,-0.007721355650573969
Who were the main opponents of Stoicism?,-0.004694531671702862
Who were the main opponents of Stoicism?,-0.012790136970579624
Who were the main opponents of Stoicism?,-0.031121790409088135
Who were the main opponents of Stoicism?,0.029335899278521538
Who were the main opponents of Stoicism?,-0.0042907362803816795
Who were the main opponents of Stoicism?,-0.008423893712460995
Who were the main opponents of Stoicism?,-0.05552022531628609
Who were the main opponents of Stoicism?,-0.007439027074724436
Who were the main opponents of Stoicism?,-0.011312836781144142
Who were the main opponents of Stoicism?,0.01683465577661991
Who were the main opponents of Stoicism?,-0.01281640026718378
Who were the main opponents of Stoicism?,0.03750372678041458
Who were the main opponents of Stoicism?,0.02005188725888729
Who were the main opponents of Stoicism?,-0.006999120116233826
Who were the main opponents of Stoicism?,-0.012008809484541416
Who were the main opponents of Stoicism?,-0.024858038872480392
Who were the main opponents of Stoicism?,0.00120071682613343
Who were the main opponents of Stoicism?,-0.0022684766445308924
Who were the main opponents of Stoicism?,-0.018646812066435814
Who were the main opponents of Stoicism?,0.016256868839263916
Who were the main opponents of Stoicism?,-0.002531107747927308
Who were the main opponents of Stoicism?,0.006743054836988449
Who were the main opponents of Stoicism?,0.023636803030967712
Who were the main opponents of Stoicism?,-0.0037687569856643677
Who were the main opponents of Stoicism?,-0.014260871335864067
Who were the main opponents of Stoicism?,-0.0007374190026894212
Who were the main opponents of Stoicism?,0.006056930869817734
Who were the main opponents of Stoicism?,-0.036479465663433075
Who were the main opponents of Stoicism?,0.015455842949450016
Who were the main opponents of Stoicism?,-0.00037322347634471953
Who were the main opponents of Stoicism?,-0.021614544093608856
Who were the main opponents of Stoicism?,-0.022389305755496025
Who were the main opponents of Stoicism?,-0.05160702019929886
Who were the main opponents of Stoicism?,0.009172393009066582
Who were the main opponents of Stoicism?,-0.008975419215857983
Who were the main opponents of Stoicism?,-0.006467292085289955
Who were the main opponents of Stoicism?,0.0032336460426449776
Who were the main opponents of Stoicism?,0.014943712390959263
Who were the main opponents of Stoicism?,6.66836931486614e-05
Who were the main opponents of Stoicism?,-0.032408684492111206
Who were the main opponents of Stoicism?,0.011805269867181778
Who were the main opponents of Stoicism?,-0.0006459084688685834
Who were the main opponents of Stoicism?,-0.0015487030614167452
Who were the main opponents of Stoicism?,-0.027392428368330002
Who were the main opponents of Stoicism?,0.0061094569973647594
Who were the main opponents of Stoicism?,0.017898311838507652
Who were the main opponents of Stoicism?,-0.006861238740384579
Who were the main opponents of Stoicism?,-0.010347667150199413
Who were the main opponents of Stoicism?,0.0271823238581419
Who were the main opponents of Stoicism?,0.008594604209065437
Who were the main opponents of Stoicism?,0.019631678238511086
Who were the main opponents of Stoicism?,-0.027444954961538315
Who were the main opponents of Stoicism?,-0.010203219950199127
Who were the main opponents of Stoicism?,-0.007327408995479345
Who were the main opponents of Stoicism?,0.02510753832757473
Who were the main opponents of Stoicism?,-0.025554010644555092
Who were the main opponents of Stoicism?,-0.029178321361541748
Who were the main opponents of Stoicism?,-0.004320282489061356
Who were the main opponents of Stoicism?,-0.004947314038872719
Who were the main opponents of Stoicism?,0.000633187300991267
Who were the main opponents of Stoicism?,0.02688029780983925
Who were the main opponents of Stoicism?,0.005574346054345369
Who were the main opponents of Stoicism?,0.01507502794265747
Who were the main opponents of Stoicism?,-0.024713590741157532
Who were the main opponents of Stoicism?,-0.009382497519254684
Who were the main opponents of Stoicism?,0.025015616789460182
Who were the main opponents of Stoicism?,0.01298054400831461
Who were the main opponents of Stoicism?,0.007603171747177839
Who were the main opponents of Stoicism?,-0.01813468150794506
Who were the main opponents of Stoicism?,-0.029493477195501328
Who were the main opponents of Stoicism?,-0.019460968673229218
Who were the main opponents of Stoicism?,0.025816641747951508
Who were the main opponents of Stoicism?,0.001623388729058206
Who were the main opponents of Stoicism?,-0.0005400353111326694
Who were the main opponents of Stoicism?,0.0019172073807567358
Who were the main opponents of Stoicism?,0.04112803936004639
Who were the main opponents of Stoicism?,0.017635680735111237
Who were the main opponents of Stoicism?,0.006933462340384722
Who were the main opponents of Stoicism?,0.027523744851350784
Who were the main opponents of Stoicism?,0.03729362413287163
Who were the main opponents of Stoicism?,-0.01561342179775238
Who were the main opponents of Stoicism?,0.00994715467095375
Who were the main opponents of Stoicism?,-0.0023423414677381516
Who were the main opponents of Stoicism?,0.015140685252845287
Who were the main opponents of Stoicism?,0.0009922533063217998
Who were the main opponents of Stoicism?,0.02456914447247982
Who were the main opponents of Stoicism?,0.02846921607851982
Who were the main opponents of Stoicism?,0.039525989443063736
Who were the main opponents of Stoicism?,0.015521501190960407
Who were the main opponents of Stoicism?,0.011647691018879414
Who were the main opponents of Stoicism?,-0.021089281886816025
Who were the main opponents of Stoicism?,0.02372872456908226
Who were the main opponents of Stoicism?,-0.01935591548681259
Who were the main opponents of Stoicism?,0.00556778023019433
Who were the main opponents of Stoicism?,-0.010459285229444504
Who were the main opponents of Stoicism?,-0.0008995116804726422
Who were the main opponents of Stoicism?,0.0005552186630666256
Who were the main opponents of Stoicism?,-0.0024556012358516455
Who were the main opponents of Stoicism?,-0.015600290149450302
Who were the main opponents of Stoicism?,-0.029414689168334007
Who were the main opponents of Stoicism?,-0.04853423684835434
Who were the main opponents of Stoicism?,0.009461287409067154
Who were the main opponents of Stoicism?,0.03789767622947693
Who were the main opponents of Stoicism?,0.016506368294358253
Who were the main opponents of Stoicism?,0.016099289059638977
Who were the main opponents of Stoicism?,0.00910673476755619
Who were the main opponents of Stoicism?,-0.006634719204157591
Who were the main opponents of Stoicism?,-0.008542077615857124
Who were the main opponents of Stoicism?,-0.010774442926049232
Who were the main opponents of Stoicism?,0.014930580742657185
Who were the main opponents of Stoicism?,-0.022468093782663345
Who were the main opponents of Stoicism?,-0.04764128848910332
Who were the main opponents of Stoicism?,0.02312467247247696
Who were the main opponents of Stoicism?,-0.02219233289361
Who were the main opponents of Stoicism?,0.008909761905670166
Who were the main opponents of Stoicism?,0.016348788514733315
Who were the main opponents of Stoicism?,0.006585475988686085
Who were the main opponents of Stoicism?,-0.022021621465682983
Who were the main opponents of Stoicism?,0.022546883672475815
Who were the main opponents of Stoicism?,-0.0021388023160398006
Who were the main opponents of Stoicism?,0.014155819080770016
Who were the main opponents of Stoicism?,0.02328225038945675
Who were the main opponents of Stoicism?,0.0016192852053791285
Who were the main opponents of Stoicism?,0.0042185126803815365
Who were the main opponents of Stoicism?,-0.018581153824925423
Who were the main opponents of Stoicism?,0.039394672960042953
Who were the main opponents of Stoicism?,-0.008719353936612606
Who were the main opponents of Stoicism?,-0.005679398775100708
Who were the main opponents of Stoicism?,0.001307410653680563
Who were the main opponents of Stoicism?,-0.01721547171473503
Who were the main opponents of Stoicism?,-0.010098167695105076
Who were the main opponents of Stoicism?,0.005981424357742071
Who were the main opponents of Stoicism?,-0.009579471312463284
Who were the main opponents of Stoicism?,0.022376174107193947
Who were the main opponents of Stoicism?,-0.004835695959627628
Who were the main opponents of Stoicism?,-0.03306526318192482
Who were the main opponents of Stoicism?,0.027891427278518677
Who were the main opponents of Stoicism?,0.010190088301897049
Who were the main opponents of Stoicism?,-0.018659943714737892
Who were the main opponents of Stoicism?,-0.009244616143405437
Who were the main opponents of Stoicism?,-0.006697094067931175
Who were the main opponents of Stoicism?,0.006999120116233826
Who were the main opponents of Stoicism?,-0.02420146018266678
Who were the main opponents of Stoicism?,0.029598530381917953
Who were the main opponents of Stoicism?,0.005613740999251604
Who were the main opponents of Stoicism?,0.00042000465327873826
Who were the main opponents of Stoicism?,0.00458947941660881
Who were the main opponents of Stoicism?,-0.00023554731160402298
Who were the main opponents of Stoicism?,-0.03674209862947464
Who were the main opponents of Stoicism?,0.01187092810869217
Who were the main opponents of Stoicism?,0.001769477385096252
Who were the main opponents of Stoicism?,0.02311154082417488
Who were the main opponents of Stoicism?,-0.019802387803792953
Who were the main opponents of Stoicism?,-0.010472416877746582
Who were the main opponents of Stoicism?,0.005475859623402357
Who were the main opponents of Stoicism?,-0.007445592898875475
Who were the main opponents of Stoicism?,-0.010236049070954323
Who were the main opponents of Stoicism?,-0.015889184549450874
Who were the main opponents of Stoicism?,0.008450157009065151
Who were the main opponents of Stoicism?,0.001437905477359891
Who were the main opponents of Stoicism?,-0.022087279707193375
Who were the main opponents of Stoicism?,6.540131289511919e-05
Who were the main opponents of Stoicism?,-0.010610298253595829
Who were the main opponents of Stoicism?,-0.002133878180757165
Who were the main opponents of Stoicism?,0.019014494493603706
Who were the main opponents of Stoicism?,0.022087279707193375
Who were the main opponents of Stoicism?,-0.019723599776625633
Who were the main opponents of Stoicism?,-0.01722860336303711
Who were the main opponents of Stoicism?,-0.04530387371778488
Who were the main opponents of Stoicism?,0.02089230716228485
Who were the main opponents of Stoicism?,0.016716472804546356
Who were the main opponents of Stoicism?,-0.010334535501897335
Who were the main opponents of Stoicism?,-0.018922574818134308
Who were the main opponents of Stoicism?,-0.011319402605295181
Who were the main opponents of Stoicism?,0.00791832897812128
Who were the main opponents of Stoicism?,-0.011529507115483284
Who were the main opponents of Stoicism?,0.027313638478517532
Who were the main opponents of Stoicism?,-0.0029907121788710356
Who were the main opponents of Stoicism?,-0.004208663944154978
Who were the main opponents of Stoicism?,-0.012527505867183208
Who were the main opponents of Stoicism?,-0.01876499503850937
Who were the main opponents of Stoicism?,-0.007327408995479345
Who were the main opponents of Stoicism?,-0.0018794541247189045
Who were the main opponents of Stoicism?,0.01542957965284586
Who were the main opponents of Stoicism?,-0.020472098141908646
Who were the main opponents of Stoicism?,0.014628554694354534
Who were the main opponents of Stoicism?,-0.030754107981920242
Who were the main opponents of Stoicism?,0.018633680418133736
Who were the main opponents of Stoicism?,0.0032730407547205687
Who were the main opponents of Stoicism?,-0.014799265190958977
Who were the main opponents of Stoicism?,0.025146933272480965
Who were the main opponents of Stoicism?,0.02466106414794922
Who were the main opponents of Stoicism?,0.005712227430194616
Who were the main opponents of Stoicism?,-0.02596108801662922
Who were the main opponents of Stoicism?,-0.003758908249437809
Who were the main opponents of Stoicism?,-0.017885182052850723
Who were the main opponents of Stoicism?,-0.03206726163625717
Who were the main opponents of Stoicism?,-0.0017727602971717715
Who were the main opponents of Stoicism?,-0.004717512056231499
Who were the main opponents of Stoicism?,-0.025619668886065483
Who were the main opponents of Stoicism?,-0.007393066771328449
Who were the main opponents of Stoicism?,0.005121307447552681
Who were the main opponents of Stoicism?,-0.017661944031715393
Who were the main opponents of Stoicism?,0.0036243097856640816
Who were the main opponents of Stoicism?,-0.005909200757741928
Who were the main opponents of Stoicism?,0.020616544410586357
Who were the main opponents of Stoicism?,-0.025146933272480965
Who were the main opponents of Stoicism?,-0.015823526307940483
Who were the main opponents of Stoicism?,-0.012048203498125076
Who were the main opponents of Stoicism?,-0.03351173549890518
Who were the main opponents of Stoicism?,-0.010163825005292892
Who were the main opponents of Stoicism?,0.11639812588691711
Who were the main opponents of Stoicism?,0.013079031370580196
Who were the main opponents of Stoicism?,-0.0027494197711348534
Who were the main opponents of Stoicism?,0.014602291397750378
Who were the main opponents of Stoicism?,0.01959228329360485
Who were the main opponents of Stoicism?,0.010997679084539413
Who were the main opponents of Stoicism?,-0.020866043865680695
Who were the main opponents of Stoicism?,-0.015744736418128014
Who were the main opponents of Stoicism?,0.014759870246052742
Who were the main opponents of Stoicism?,0.0013755306135863066
Who were the main opponents of Stoicism?,-0.010610298253595829
Who were the main opponents of Stoicism?,-0.02564593218266964
Who were the main opponents of Stoicism?,0.0012795061338692904
Who were the main opponents of Stoicism?,0.0034535995218902826
Who were the main opponents of Stoicism?,0.014746738597750664
Who were the main opponents of Stoicism?,0.014694212935864925
Who were the main opponents of Stoicism?,-0.014759870246052742
Who were the main opponents of Stoicism?,-0.021837780252099037
Who were the main opponents of Stoicism?,0.007511250674724579
Who were the main opponents of Stoicism?,-0.020327650010585785
Who were the main opponents of Stoicism?,-0.013065899722278118
Who were the main opponents of Stoicism?,0.013348228298127651
Who were the main opponents of Stoicism?,-0.0002726849925238639
Who were the main opponents of Stoicism?,0.009014814160764217
Who were the main opponents of Stoicism?,-0.00865369662642479
Who were the main opponents of Stoicism?,-0.0010406759101897478
Who were the main opponents of Stoicism?,0.006135720293968916
Who were the main opponents of Stoicism?,0.036479465663433075
Who were the main opponents of Stoicism?,-0.010826969519257545
Who were the main opponents of Stoicism?,-0.011201218701899052
Who were the main opponents of Stoicism?,0.023150935769081116
Who were the main opponents of Stoicism?,-0.005626872181892395
Who were the main opponents of Stoicism?,0.0017218755092471838
Who were the main opponents of Stoicism?,0.017963970080018044
Who were the main opponents of Stoicism?,-0.0037687569856643677
Who were the main opponents of Stoicism?,-0.0025442391633987427
Who were the main opponents of Stoicism?,0.008482986129820347
Who were the main opponents of Stoicism?,0.031279370188713074
Who were the main opponents of Stoicism?,0.02649948187172413
Who were the main opponents of Stoicism?,0.003758908249437809
Who were the main opponents of Stoicism?,0.012297703884541988
Who were the main opponents of Stoicism?,-0.008075907826423645
Who were the main opponents of Stoicism?,0.015416448004543781
Who were the main opponents of Stoicism?,-0.016703341156244278
Who were the main opponents of Stoicism?,-0.0040675001218914986
Who were the main opponents of Stoicism?,-0.003880375297740102
Who were the main opponents of Stoicism?,0.006234206724911928
Who were the main opponents of Stoicism?,0.024595407769083977
Who were the main opponents of Stoicism?,0.01067595649510622
Who were the main opponents of Stoicism?,-0.01813468150794506
Who were the main opponents of Stoicism?,0.0014231324894353747
Who were the main opponents of Stoicism?,-0.004425334744155407
Who were the main opponents of Stoicism?,-0.0004280066932551563
Who were the main opponents of Stoicism?,-0.017963970080018044
Who were the main opponents of Stoicism?,0.018029628321528435
Who were the main opponents of Stoicism?,-0.008482986129820347
Who were the main opponents of Stoicism?,-0.005994556006044149
Who were the main opponents of Stoicism?,0.003765474073588848
Who were the main opponents of Stoicism?,-0.010774442926049232
Who were the main opponents of Stoicism?,0.009737050160765648
Who were the main opponents of Stoicism?,-0.0028692453633993864
Who were the main opponents of Stoicism?,0.0024720155633985996
Who were the main opponents of Stoicism?,-0.007228922564536333
Who were the main opponents of Stoicism?,-0.017556892707943916
Who were the main opponents of Stoicism?,0.00021195154113229364
Who were the main opponents of Stoicism?,-0.03022884577512741
Who were the main opponents of Stoicism?,-0.008679958991706371
Who were the main opponents of Stoicism?,-0.007320843171328306
Who were the main opponents of Stoicism?,-0.023466093465685844
Who were the main opponents of Stoicism?,-0.00995372049510479
Who were the main opponents of Stoicism?,-0.014510370790958405
Who were the main opponents of Stoicism?,-0.0077541847713291645
Who were the main opponents of Stoicism?,-0.017031630501151085
Who were the main opponents of Stoicism?,0.008844103664159775
Who were the main opponents of Stoicism?,0.005331412423402071
Who were the main opponents of Stoicism?,-0.006834975443780422
Who were the main opponents of Stoicism?,0.02044583484530449
Who were the main opponents of Stoicism?,-0.0228883046656847
Who were the main opponents of Stoicism?,0.02558027394115925
Who were the main opponents of Stoicism?,0.019802387803792953
Who were the main opponents of Stoicism?,-1.1611939044087194e-05
Who were the main opponents of Stoicism?,-0.02831163816154003
Who were the main opponents of Stoicism?,-0.004159420728683472
Who were the main opponents of Stoicism?,-0.039788618683815
Who were the main opponents of Stoicism?,0.016860919073224068
Who were the main opponents of Stoicism?,-0.001923773204907775
Who were the main opponents of Stoicism?,-0.005282168742269278
Who were the main opponents of Stoicism?,-0.002603331347927451
Who were the main opponents of Stoicism?,0.0027953803073614836
Who were the main opponents of Stoicism?,0.01713668182492256
Who were the main opponents of Stoicism?,0.015114422887563705
Who were the main opponents of Stoicism?,0.007721355650573969
Who were the main opponents of Stoicism?,-0.005154136102646589
Who were the main opponents of Stoicism?,-0.028679320588707924
Who were the main opponents of Stoicism?,0.009034511633217335
Who were the main opponents of Stoicism?,-0.023833775892853737
Who were the main opponents of Stoicism?,0.006116022821515799
Who were the main opponents of Stoicism?,0.030281370505690575
Who were the main opponents of Stoicism?,0.006326127797365189
Who were the main opponents of Stoicism?,-0.016493236646056175
Who were the main opponents of Stoicism?,0.011496678926050663
Who were the main opponents of Stoicism?,-0.027996480464935303
Who were the main opponents of Stoicism?,-0.0011358796618878841
Who were the main opponents of Stoicism?,0.0020107696764171124
Who were the main opponents of Stoicism?,-0.026840902864933014
Who were the main opponents of Stoicism?,0.019027626141905785
Who were the main opponents of Stoicism?,0.003686684649437666
Who were the main opponents of Stoicism?,0.009802707470953465
Who were the main opponents of Stoicism?,-0.01637505181133747
Who were the main opponents of Stoicism?,0.006575627252459526
Who were the main opponents of Stoicism?,0.0313844233751297
Who were the main opponents of Stoicism?,-0.022297384217381477
Who were the main opponents of Stoicism?,-0.00706477789208293
Who were the main opponents of Stoicism?,-0.01447097584605217
Who were the main opponents of Stoicism?,-0.005272320471704006
Who were the main opponents of Stoicism?,-0.007760750595480204
Who were the main opponents of Stoicism?,0.011516375467181206
Who were the main opponents of Stoicism?,0.04945344477891922
Who were the main opponents of Stoicism?,-0.00023246959608513862
Who were the main opponents of Stoicism?,-0.010216351598501205
Who were the main opponents of Stoicism?,-0.003166346810758114
Who were the main opponents of Stoicism?,-0.02602674625813961
Who were the main opponents of Stoicism?,0.010544640943408012
Who were the main opponents of Stoicism?,0.020025625824928284
Who were the main opponents of Stoicism?,-0.026840902864933014
Who were the main opponents of Stoicism?,-0.03269757702946663
Who were the main opponents of Stoicism?,0.018646812066435814
Who were the main opponents of Stoicism?,-0.00534126115962863
Who were the main opponents of Stoicism?,-0.008023381233215332
Who were the main opponents of Stoicism?,0.000528134813066572
Who were the main opponents of Stoicism?,-0.0016086157411336899
Who were the main opponents of Stoicism?,0.024280250072479248
Who were the main opponents of Stoicism?,0.0016956123290583491
Who were the main opponents of Stoicism?,-0.029493477195501328
Who were the main opponents of Stoicism?,-0.01071535050868988
Who were the main opponents of Stoicism?,0.006230923812836409
Who were the main opponents of Stoicism?,-0.01025574654340744
Who were the main opponents of Stoicism?,0.007137001492083073
Who were the main opponents of Stoicism?,0.014168950729072094
Who were the main opponents of Stoicism?,0.0040379539132118225
Who were the main opponents of Stoicism?,-0.009100168943405151
Who were the main opponents of Stoicism?,-0.008128434419631958
Who were the main opponents of Stoicism?,-0.02664393000304699
Who were the main opponents of Stoicism?,-0.03671583533287048
Who were the main opponents of Stoicism?,-0.011582033708691597
Who were the main opponents of Stoicism?,-0.0313844233751297
Who were the main opponents of Stoicism?,-0.008771880529820919
Who were the main opponents of Stoicism?,-0.01412955578416586
Who were the main opponents of Stoicism?,-0.016414446756243706
Who were the main opponents of Stoicism?,0.003880375297740102
Who were the main opponents of Stoicism?,-0.027234850451350212
Who were the main opponents of Stoicism?,0.004536953289061785
Who were the main opponents of Stoicism?,0.007655697874724865
Who were the main opponents of Stoicism?,0.02236304245889187
Who were the main opponents of Stoicism?,-0.0327763669192791
Who were the main opponents of Stoicism?,-0.04556650295853615
Who were the main opponents of Stoicism?,0.006365522276610136
Who were the main opponents of Stoicism?,-0.007301145698875189
Who were the main opponents of Stoicism?,0.0307803712785244
Who were the main opponents of Stoicism?,0.00852894689887762
Who were the main opponents of Stoicism?,0.03070158138871193
Who were the main opponents of Stoicism?,0.010564337484538555
Who were the main opponents of Stoicism?,-0.0013057691976428032
Who were the main opponents of Stoicism?,0.02311154082417488
Who were the main opponents of Stoicism?,-0.010538075119256973
Who were the main opponents of Stoicism?,-0.01967107318341732
Who were the main opponents of Stoicism?,-0.01435279194265604
Who were the main opponents of Stoicism?,0.0030399556271731853
Who were the main opponents of Stoicism?,-0.012317400425672531
Who were the main opponents of Stoicism?,0.01600736752152443
Who were the main opponents of Stoicism?,0.0151932118460536
Who were the main opponents of Stoicism?,0.0035291060339659452
Who were the main opponents of Stoicism?,-0.0016783771570771933
Who were the main opponents of Stoicism?,0.015482106246054173
Who were the main opponents of Stoicism?,0.0049571627750992775
Who were the main opponents of Stoicism?,0.020800387486815453
Who were the main opponents of Stoicism?,-0.005269037559628487
Who were the main opponents of Stoicism?,-0.04469982162117958
Who were the main opponents of Stoicism?,0.01048554852604866
Who were the main opponents of Stoicism?,-0.027681322768330574
Who were the main opponents of Stoicism?,-0.013387622311711311
Who were the main opponents of Stoicism?,0.020537756383419037
Who were the main opponents of Stoicism?,0.019237730652093887
Who were the main opponents of Stoicism?,-0.003870526561513543
Who were the main opponents of Stoicism?,-0.005813997238874435
Who were the main opponents of Stoicism?,-0.0153901856392622
Who were the main opponents of Stoicism?,0.02846921607851982
Who were the main opponents of Stoicism?,0.03269757702946663
Who were the main opponents of Stoicism?,-0.022179201245307922
Who were the main opponents of Stoicism?,-0.0196842048317194
Who were the main opponents of Stoicism?,0.0271823238581419
Who were the main opponents of Stoicism?,-0.027681322768330574
Who were the main opponents of Stoicism?,0.010419891215860844
Who were the main opponents of Stoicism?,0.027655059471726418
Who were the main opponents of Stoicism?,0.018318522721529007
Who were the main opponents of Stoicism?,0.0025294662918895483
Who were the main opponents of Stoicism?,0.0022668351884931326
Who were the main opponents of Stoicism?,-0.001144086942076683
Who were the main opponents of Stoicism?,-0.004533670376986265
Who were the main opponents of Stoicism?,0.012179519049823284
Who were the main opponents of Stoicism?,-0.015876052901148796
Who were the main opponents of Stoicism?,0.007787013426423073
Who were the main opponents of Stoicism?,0.007905197329819202
Who were the main opponents of Stoicism?,-0.014116424135863781
Who were the main opponents of Stoicism?,-0.02036704495549202
Who were the main opponents of Stoicism?,0.004756906535476446
Who were the main opponents of Stoicism?,-0.011621428653597832
Who were the main opponents of Stoicism?,0.0035028429701924324
Who were the main opponents of Stoicism?,0.004983426071703434
Who were the main opponents of Stoicism?,-0.016401315107941628
Who were the main opponents of Stoicism?,0.0020239013247191906
Who were the main opponents of Stoicism?,0.02014380879700184
Who were the main opponents of Stoicism?,-0.003929618746042252
Who were the main opponents of Stoicism?,0.0003910741943400353
Who were the main opponents of Stoicism?,-0.019460968673229218
Who were the main opponents of Stoicism?,-0.008706222288310528
Who were the main opponents of Stoicism?,-0.028442952781915665
Who were the main opponents of Stoicism?,0.0013509090058505535
Who were the main opponents of Stoicism?,-0.021680200472474098
Who were the main opponents of Stoicism?,-0.020078150555491447
Who were the main opponents of Stoicism?,-0.002800304675474763
Who were the main opponents of Stoicism?,-0.011004244908690453
Who were the main opponents of Stoicism?,0.028337901458144188
Who were the main opponents of Stoicism?,0.02426711842417717
Who were the main opponents of Stoicism?,0.012251743115484715
Who were the main opponents of Stoicism?,0.016414446756243706
Who were the main opponents of Stoicism?,-0.010616864077746868
Who were the main opponents of Stoicism?,-0.008482986129820347
Who were the main opponents of Stoicism?,-0.008391065523028374
Who were the main opponents of Stoicism?,0.005636720918118954
Who were the main opponents of Stoicism?,-0.014943712390959263
Who were the main opponents of Stoicism?,0.015088159590959549
Who were the main opponents of Stoicism?,0.02794395387172699
Who were the main opponents of Stoicism?,-0.005994556006044149
Who were the main opponents of Stoicism?,-0.004234927240759134
Who were the main opponents of Stoicism?,-0.006132437381893396
Who were the main opponents of Stoicism?,0.007517816498875618
Who were the main opponents of Stoicism?,-0.04186340421438217
Who were the main opponents of Stoicism?,-0.003407639218494296
Who were the main opponents of Stoicism?,0.021955963224172592
Who were the main opponents of Stoicism?,0.011733046732842922
Who were the main opponents of Stoicism?,0.011004244908690453
Who were the main opponents of Stoicism?,-0.007445592898875475
Who were the main opponents of Stoicism?,-0.007439027074724436
Who were the main opponents of Stoicism?,0.0029069986194372177
Who were the main opponents of Stoicism?,0.013683082535862923
Who were the main opponents of Stoicism?,-0.03177836909890175
Who were the main opponents of Stoicism?,0.02449035458266735
Who were the main opponents of Stoicism?,-0.028600532561540604
Who were the main opponents of Stoicism?,-0.011608297005295753
Who were the main opponents of Stoicism?,-0.03070158138871193
Who were the main opponents of Stoicism?,-0.00416926946491003
Who were the main opponents of Stoicism?,0.001687405165284872
Who were the main opponents of Stoicism?,0.02596108801662922
Who were the main opponents of Stoicism?,0.024831775575876236
Who were the main opponents of Stoicism?,-0.009500681422650814
Who were the main opponents of Stoicism?,-0.012067900970578194
Who were the main opponents of Stoicism?,-0.009244616143405437
Who were the main opponents of Stoicism?,0.013433583080768585
Who were the main opponents of Stoicism?,0.027287377044558525
Who were the main opponents of Stoicism?,0.006999120116233826
Who were the main opponents of Stoicism?,0.0037162306252866983
Who were the main opponents of Stoicism?,0.00929714273661375
Who were the main opponents of Stoicism?,0.003532388946041465
Who were the main opponents of Stoicism?,0.018554890528321266
Who were the main opponents of Stoicism?,0.018725600093603134
Who were the main opponents of Stoicism?,-0.009566339664161205
Who were the main opponents of Stoicism?,-0.01210073009133339
Who were the main opponents of Stoicism?,-0.02189030684530735
Who were the main opponents of Stoicism?,0.02579037845134735
Who were the main opponents of Stoicism?,0.000527724449057132
Who were the main opponents of Stoicism?,0.008029947057366371
Who were the main opponents of Stoicism?,0.008325407281517982
Who were the main opponents of Stoicism?,0.0074061984196305275
Who were the main opponents of Stoicism?,0.023072145879268646
Who were the main opponents of Stoicism?,-0.0007542438106611371
Who were the main opponents of Stoicism?,-0.005505405366420746
Who were the main opponents of Stoicism?,0.013985108584165573
Who were the main opponents of Stoicism?,0.006290015764534473
Who were the main opponents of Stoicism?,0.008437025360763073
Who were the main opponents of Stoicism?,0.02647322043776512
Who were the main opponents of Stoicism?,0.0038672436494380236
Who were the main opponents of Stoicism?,-0.0075440797954797745
Who were the main opponents of Stoicism?,0.00011356745380908251
Who were the main opponents of Stoicism?,-0.006749620661139488
Who were the main opponents of Stoicism?,-0.00781327672302723
Who were the main opponents of Stoicism?,-0.01060373242944479
Who were the main opponents of Stoicism?,0.004983426071703434
Who were the main opponents of Stoicism?,0.01667707785964012
Who were the main opponents of Stoicism?,-0.018239732831716537
Who were the main opponents of Stoicism?,-0.028154058381915092
Who were the main opponents of Stoicism?,-0.018318522721529007
Who were the main opponents of Stoicism?,-0.004415486007928848
Who were the main opponents of Stoicism?,0.010393627919256687
Who were the main opponents of Stoicism?,-0.010025943629443645
Who were the main opponents of Stoicism?,-0.02174585871398449
Who were the main opponents of Stoicism?,-0.004372808616608381
Who were the main opponents of Stoicism?,0.013853793032467365
Who were the main opponents of Stoicism?,-0.03314404934644699
Who were the main opponents of Stoicism?,0.021837780252099037
Who were the main opponents of Stoicism?,-0.031043002381920815
Who were the main opponents of Stoicism?,0.02672271989285946
Who were the main opponents of Stoicism?,-0.02954600378870964
Who were the main opponents of Stoicism?,0.027891427278518677
Who were the main opponents of Stoicism?,0.0012081032618880272
Who were the main opponents of Stoicism?,-0.024319645017385483
Who were the main opponents of Stoicism?,0.024372169747948647
Who were the main opponents of Stoicism?,0.0013287494657561183
Who were the main opponents of Stoicism?,-0.002946393098682165
Who were the main opponents of Stoicism?,-0.01662455126643181
Who were the main opponents of Stoicism?,0.00983553659170866
Who were the main opponents of Stoicism?,-0.00643118005245924
Who were the main opponents of Stoicism?,0.009349668398499489
Who were the main opponents of Stoicism?,-0.015521501190960407
Who were the main opponents of Stoicism?,-0.004687965847551823
Who were the main opponents of Stoicism?,-0.0004456522292457521
Who were the main opponents of Stoicism?,-0.0016209266614168882
Who were the main opponents of Stoicism?,-0.03613804653286934
Who were the main opponents of Stoicism?,-0.0211943332105875
Who were the main opponents of Stoicism?,0.018804389983415604
Who were the main opponents of Stoicism?,0.004684682935476303
Who were the main opponents of Stoicism?,0.004474577959626913
Who were the main opponents of Stoicism?,-0.02081351913511753
Who were the main opponents of Stoicism?,-0.005049083847552538
Who were the main opponents of Stoicism?,0.014326528646051884
Who were the main opponents of Stoicism?,-0.0002203639451181516
Who were the main opponents of Stoicism?,0.00428745336830616
Who were the main opponents of Stoicism?,-0.002411282155662775
Who were the main opponents of Stoicism?,-0.011647691018879414
Who were the main opponents of Stoicism?,-0.004658420104533434
Who were the main opponents of Stoicism?,-0.009520378895103931
Who were the main opponents of Stoicism?,0.020695334300398827
Who were the main opponents of Stoicism?,-0.007255185395479202
Who were the main opponents of Stoicism?,-0.006615022197365761
Who were the main opponents of Stoicism?,-0.004192249849438667
Who were the main opponents of Stoicism?,-0.0023883020039647818
Who were the main opponents of Stoicism?,-0.004947314038872719
Who were the main opponents of Stoicism?,0.018620548769831657
Who were the main opponents of Stoicism?,0.02502874843776226
Who were the main opponents of Stoicism?,-0.011174955405294895
Who were the main opponents of Stoicism?,-0.005318280775099993
Who were the main opponents of Stoicism?,0.006401634309440851
Who were the main opponents of Stoicism?,0.005817280150949955
Who were the main opponents of Stoicism?,0.01591544784605503
Who were the main opponents of Stoicism?,-0.009822404943406582
Who were the main opponents of Stoicism?,-0.0011137202382087708
Who were the main opponents of Stoicism?,-0.026538876816630363
Who were the main opponents of Stoicism?,-0.02357114478945732
Who were the main opponents of Stoicism?,-0.047273606061935425
Who were the main opponents of Stoicism?,-0.011273441836237907
Who were the main opponents of Stoicism?,-0.005689247045665979
Who were the main opponents of Stoicism?,0.02617119438946247
Who were the main opponents of Stoicism?,0.01014412846416235
Who were the main opponents of Stoicism?,0.004179118201136589
Who were the main opponents of Stoicism?,-0.018699336796998978
Who were the main opponents of Stoicism?,0.01381439808756113
Who were the main opponents of Stoicism?,-0.01591544784605503
Who were the main opponents of Stoicism?,0.0019270560005679727
Who were the main opponents of Stoicism?,-0.0013763513416051865
Who were the main opponents of Stoicism?,0.01591544784605503
Who were the main opponents of Stoicism?,0.01477300189435482
Who were the main opponents of Stoicism?,-0.0012474979739636183
Who were the main opponents of Stoicism?,0.016335656866431236
Who were the main opponents of Stoicism?,0.004625590983778238
Who were the main opponents of Stoicism?,0.01401137188076973
Who were the main opponents of Stoicism?,-0.005731924902647734
Who were the main opponents of Stoicism?,-0.01829225942492485
Who were the main opponents of Stoicism?,0.013367925770580769
Who were the main opponents of Stoicism?,-0.030675318092107773
Who were the main opponents of Stoicism?,-0.030570264905691147
Who were the main opponents of Stoicism?,0.020117545500397682
Who were the main opponents of Stoicism?,-0.024017618969082832
Who were the main opponents of Stoicism?,-0.02382064424455166
Who were the main opponents of Stoicism?,-0.007603171747177839
Who were the main opponents of Stoicism?,0.02504188008606434
Who were the main opponents of Stoicism?,-0.027891427278518677
Who were the main opponents of Stoicism?,-0.00395916448906064
Who were the main opponents of Stoicism?,-0.007314277347177267
Who were the main opponents of Stoicism?,-0.003182761138305068
Who were the main opponents of Stoicism?,-0.011884059756994247
Who were the main opponents of Stoicism?,-0.017556892707943916
Who were the main opponents of Stoicism?,-0.01197598036378622
Who were the main opponents of Stoicism?,-0.0005671191611327231
Who were the main opponents of Stoicism?,-0.010505245998501778
Who were the main opponents of Stoicism?,0.015941711142659187
Who were the main opponents of Stoicism?,-0.015600290149450302
Who were the main opponents of Stoicism?,0.027444954961538315
Who were the main opponents of Stoicism?,0.011549204587936401
Who were the main opponents of Stoicism?,0.0026903278194367886
Who were the main opponents of Stoicism?,-0.021837780252099037
Who were the main opponents of Stoicism?,-0.010518377646803856
Who were the main opponents of Stoicism?,0.009888062253594398
Who were the main opponents of Stoicism?,-0.013788134790956974
Who were the main opponents of Stoicism?,0.012258308939635754
Who were the main opponents of Stoicism?,0.0036505728494375944
Who were the main opponents of Stoicism?,-0.00727488286793232
Who were the main opponents of Stoicism?,0.004789735656231642
Who were the main opponents of Stoicism?,-0.008968853391706944
Who were the main opponents of Stoicism?,-0.00107186334207654
Who were the main opponents of Stoicism?,0.01860741712152958
Who were the main opponents of Stoicism?,-0.009270879440009594
Who were the main opponents of Stoicism?,0.0020632960367947817
Who were the main opponents of Stoicism?,-0.01982865110039711
Who were the main opponents of Stoicism?,-0.018082154914736748
Who were the main opponents of Stoicism?,-0.029834898188710213
Who were the main opponents of Stoicism?,0.018699336796998978
Who were the main opponents of Stoicism?,0.013945713639259338
Who were the main opponents of Stoicism?,-0.016558893024921417
Who were the main opponents of Stoicism?,0.007366803474724293
Who were the main opponents of Stoicism?,-0.01967107318341732
Who were the main opponents of Stoicism?,0.007360238116234541
Who were the main opponents of Stoicism?,-0.011122428812086582
Who were the main opponents of Stoicism?,0.01592857949435711
Who were the main opponents of Stoicism?,-0.01675586774945259
Who were the main opponents of Stoicism?,-0.0038770923856645823
Who were the main opponents of Stoicism?,-0.02212667465209961
Who were the main opponents of Stoicism?,0.02006501890718937
Who were the main opponents of Stoicism?,0.0040379539132118225
Who were the main opponents of Stoicism?,0.003199175698682666
Who were the main opponents of Stoicism?,0.014037635177373886
Who were the main opponents of Stoicism?,0.0012187727261334658
Who were the main opponents of Stoicism?,0.014983107335865498
Who were the main opponents of Stoicism?,-0.011181521229445934
Who were the main opponents of Stoicism?,-0.007038514595478773
Who were the main opponents of Stoicism?,-0.0008896630024537444
Who were the main opponents of Stoicism?,-0.02464793249964714
Who were the main opponents of Stoicism?,-0.006152134854346514
Who were the main opponents of Stoicism?,-0.004034671001136303
Who were the main opponents of Stoicism?,-3.580401244107634e-05
Who were the main opponents of Stoicism?,0.009874931536614895
Who were the main opponents of Stoicism?,0.0017891747411340475
Who were the main opponents of Stoicism?,0.01485179178416729
Who were the main opponents of Stoicism?,-0.011056771501898766
Who were the main opponents of Stoicism?,-0.033117786049842834
Who were the main opponents of Stoicism?,-0.023925697430968285
Who were the main opponents of Stoicism?,0.012002243660390377
Who were the main opponents of Stoicism?,0.19886431097984314
Who were the main opponents of Stoicism?,0.0037983029615134
Who were the main opponents of Stoicism?,-0.020852912217378616
Who were the main opponents of Stoicism?,0.02786516398191452
Who were the main opponents of Stoicism?,0.028889426961541176
Who were the main opponents of Stoicism?,0.001802306273020804
Who were the main opponents of Stoicism?,0.0235842764377594
Who were the main opponents of Stoicism?,-0.025291379541158676
Who were the main opponents of Stoicism?,-0.010623429901897907
Who were the main opponents of Stoicism?,0.022166069597005844
Who were the main opponents of Stoicism?,0.001542137237265706
Who were the main opponents of Stoicism?,-0.007819842547178268
Who were the main opponents of Stoicism?,-0.013801266439259052
Who were the main opponents of Stoicism?,0.017872050404548645
Who were the main opponents of Stoicism?,0.020380176603794098
Who were the main opponents of Stoicism?,-0.010623429901897907
Who were the main opponents of Stoicism?,-0.018344786018133163
Who were the main opponents of Stoicism?,-0.012455281801521778
Who were the main opponents of Stoicism?,0.006352391093969345
Who were the main opponents of Stoicism?,-0.03566531091928482
Who were the main opponents of Stoicism?,0.01262599229812622
Who were the main opponents of Stoicism?,0.03361678868532181
Who were the main opponents of Stoicism?,0.006933462340384722
Who were the main opponents of Stoicism?,-0.011391625739634037
Who were the main opponents of Stoicism?,0.04141693189740181
Who were the main opponents of Stoicism?,0.0010849948739632964
Who were the main opponents of Stoicism?,-0.007576908450573683
Who were the main opponents of Stoicism?,0.005692529957741499
Who were the main opponents of Stoicism?,0.016952840611338615
Who were the main opponents of Stoicism?,-0.021837780252099037
Who were the main opponents of Stoicism?,-0.01336135994642973
Who were the main opponents of Stoicism?,-0.004963728599250317
Who were the main opponents of Stoicism?,0.016808394342660904
Who were the main opponents of Stoicism?,0.004878373350948095
Who were the main opponents of Stoicism?,0.006657699588686228
Who were the main opponents of Stoicism?,0.00031679883250035346
Who were the main opponents of Stoicism?,-0.0309904757887125
Who were the main opponents of Stoicism?,0.027313638478517532
Who were the main opponents of Stoicism?,0.02854800596833229
Who were the main opponents of Stoicism?,0.0032172314822673798
Who were the main opponents of Stoicism?,-0.009677957743406296
Who were the main opponents of Stoicism?,-0.0056761158630251884
Who were the main opponents of Stoicism?,-0.004779886920005083
Who were the main opponents of Stoicism?,0.008581472560763359
Who were the main opponents of Stoicism?,0.0005724538350477815
Who were the main opponents of Stoicism?,0.003013692330569029
Who were the main opponents of Stoicism?,0.004244775976985693
Who were the main opponents of Stoicism?,-0.0021453681401908398
Who were the main opponents of Stoicism?,-0.020222598686814308
Who were the main opponents of Stoicism?,0.011897191405296326
Who were the main opponents of Stoicism?,-0.02609240449965
Who were the main opponents of Stoicism?,0.01860741712152958
Who were the main opponents of Stoicism?,0.05313028022646904
Who were the main opponents of Stoicism?,0.0489807091653347
Who were the main opponents of Stoicism?,-0.00016004085773602128
Who were the main opponents of Stoicism?,0.018344786018133163
Who were the main opponents of Stoicism?,-0.015810394659638405
Who were the main opponents of Stoicism?,0.009454721584916115
Who were the main opponents of Stoicism?,0.0010480624623596668
Who were the main opponents of Stoicism?,-0.004001841880381107
Who were the main opponents of Stoicism?,0.016348788514733315
Who were the main opponents of Stoicism?,0.010767877101898193
Who were the main opponents of Stoicism?,0.010932021774351597
Who were the main opponents of Stoicism?,0.011010810732841492
Who were the main opponents of Stoicism?,0.01037393044680357
Who were the main opponents of Stoicism?,0.0008494476205669343
Who were the main opponents of Stoicism?,-0.05473233014345169
Who were the main opponents of Stoicism?,0.023702461272478104
Who were the main opponents of Stoicism?,0.004674834199249744
Who were the main opponents of Stoicism?,-0.005511971190571785
Who were the main opponents of Stoicism?,0.004894787911325693
Who were the main opponents of Stoicism?,-0.024372169747948647
Who were the main opponents of Stoicism?,-0.01377500407397747
Who were the main opponents of Stoicism?,-0.013735609129071236
Who were the main opponents of Stoicism?,0.006401634309440851
Who were the main opponents of Stoicism?,-0.0031056134030222893
Who were the main opponents of Stoicism?,0.018699336796998978
Who were the main opponents of Stoicism?,0.03361678868532181
Who were the main opponents of Stoicism?,0.0017924575367942452
Who were the main opponents of Stoicism?,0.03965730220079422
Who were the main opponents of Stoicism?,-0.00039292083238251507
Who were the main opponents of Stoicism?,-0.004090480040758848
Who were the main opponents of Stoicism?,-0.009126432240009308
Who were the main opponents of Stoicism?,0.028285374864935875
Who were the main opponents of Stoicism?,-0.007215790916234255
Who were the main opponents of Stoicism?,-0.016046762466430664
Who were the main opponents of Stoicism?,0.014628554694354534
Who were the main opponents of Stoicism?,0.0012031788937747478
Who were the main opponents of Stoicism?,-0.026972219347953796
Who were the main opponents of Stoicism?,0.02846921607851982
Who were the main opponents of Stoicism?,-0.019552888348698616
Who were the main opponents of Stoicism?,0.00492105120792985
Who were the main opponents of Stoicism?,-0.003538954770192504
Who were the main opponents of Stoicism?,-0.015718474984169006
Who were the main opponents of Stoicism?,0.015337659046053886
Who were the main opponents of Stoicism?,-0.02680150792002678
Who were the main opponents of Stoicism?,0.012560334987938404
Who were the main opponents of Stoicism?,0.025212589651346207
Who were the main opponents of Stoicism?,-0.00048586761113256216
Who were the main opponents of Stoicism?,0.017333656549453735
Who were the main opponents of Stoicism?,0.0025064859073609114
Who were the main opponents of Stoicism?,0.054784856736660004
Who were the main opponents of Stoicism?,-0.02013067714869976
Who were the main opponents of Stoicism?,0.027655059471726418
Who were the main opponents of Stoicism?,-0.009369365870952606
Who were the main opponents of Stoicism?,0.011956282891333103
Who were the main opponents of Stoicism?,-0.0006906378548592329
Who were the main opponents of Stoicism?,0.014326528646051884
Who were the main opponents of Stoicism?,0.009704221040010452
Who were the main opponents of Stoicism?,0.002240571891888976
Who were the main opponents of Stoicism?,-0.027156060561537743
Who were the main opponents of Stoicism?,-0.011155257932841778
Who were the main opponents of Stoicism?,-0.00868652481585741
Who were the main opponents of Stoicism?,-0.021102413535118103
Who were the main opponents of Stoicism?,0.016480104997754097
Who were the main opponents of Stoicism?,0.020629676058888435
Who were the main opponents of Stoicism?,-0.007570342626422644
Who were the main opponents of Stoicism?,-0.001226159161888063
Who were the main opponents of Stoicism?,0.029073268175125122
Who were the main opponents of Stoicism?,-0.026210589334368706
Who were the main opponents of Stoicism?,0.007031948771327734
Who were the main opponents of Stoicism?,-0.012389624491333961
Who were the main opponents of Stoicism?,-0.021404437720775604
Who were the main opponents of Stoicism?,-0.0005667087971232831
Who were the main opponents of Stoicism?,0.01868620701134205
Who were the main opponents of Stoicism?,-0.01990744099020958
Who were the main opponents of Stoicism?,-0.03535015136003494
Who were the main opponents of Stoicism?,-0.026053009554743767
Who were the main opponents of Stoicism?,-0.013039636425673962
Who were the main opponents of Stoicism?,-0.03009752929210663
Who were the main opponents of Stoicism?,0.023544881492853165
Who were the main opponents of Stoicism?,-0.019093284383416176
Who were the main opponents of Stoicism?,0.035402677953243256
Who were the main opponents of Stoicism?,-0.006358956452459097
Who were the main opponents of Stoicism?,-0.011076468974351883
Who were the main opponents of Stoicism?,0.008824406191706657
Who were the main opponents of Stoicism?,0.017478102818131447
Who were the main opponents of Stoicism?,-0.020038757473230362
Who were the main opponents of Stoicism?,0.03453599661588669
Who were the main opponents of Stoicism?,-0.0006171832210384309
Who were the main opponents of Stoicism?,-0.00833853892982006
Who were the main opponents of Stoicism?,0.007911763153970242
Who were the main opponents of Stoicism?,-0.0011350589338690042
Who were the main opponents of Stoicism?,0.003277965122833848
Who were the main opponents of Stoicism?,0.02349235676229
Who were the main opponents of Stoicism?,-0.006047082133591175
Who were the main opponents of Stoicism?,0.01262599229812622
Who were the main opponents of Stoicism?,-0.006536232773214579
Who were the main opponents of Stoicism?,-0.00045550090726464987
Who were the main opponents of Stoicism?,-0.01167395431548357
Who were the main opponents of Stoicism?,-0.010735047981142998
Who were the main opponents of Stoicism?,0.017333656549453735
Who were the main opponents of Stoicism?,-0.029230846092104912
Who were the main opponents of Stoicism?,0.021259991452097893
Who were the main opponents of Stoicism?,0.026919692754745483
Who were the main opponents of Stoicism?,-0.0005745056550949812
Who were the main opponents of Stoicism?,-0.0055382344871759415
Who were the main opponents of Stoicism?,-0.03114805370569229
Who were the main opponents of Stoicism?,-0.005974858533591032
Who were the main opponents of Stoicism?,0.014418450184166431
Who were the main opponents of Stoicism?,-0.018187206238508224
Who were the main opponents of Stoicism?,0.015166948549449444
Who were the main opponents of Stoicism?,-0.0033813759218901396
Who were the main opponents of Stoicism?,0.0026164627633988857
Who were the main opponents of Stoicism?,-0.038002725690603256
Who were the main opponents of Stoicism?,-0.0009003324084915221
Who were the main opponents of Stoicism?,-0.16524751484394073
Who were the main opponents of Stoicism?,0.009940588846802711
Who were the main opponents of Stoicism?,0.023295382037758827
Who were the main opponents of Stoicism?,-0.0313844233751297
Who were the main opponents of Stoicism?,0.021036755293607712
Who were the main opponents of Stoicism?,0.013866924680769444
Who were the main opponents of Stoicism?,0.005364241078495979
Who were the main opponents of Stoicism?,-0.016138684004545212
Who were the main opponents of Stoicism?,-0.013788134790956974
Who were the main opponents of Stoicism?,0.03135816007852554
Who were the main opponents of Stoicism?,0.01286236010491848
Who were the main opponents of Stoicism?,-0.0005137721891514957
Who were the main opponents of Stoicism?,-0.04483113810420036
Who were the main opponents of Stoicism?,-0.015377053990960121
Who were the main opponents of Stoicism?,0.00029033052851445973
Who were the main opponents of Stoicism?,-0.025527747347950935
Who were the main opponents of Stoicism?,0.005856674630194902
Who were the main opponents of Stoicism?,0.009119866415858269
Who were the main opponents of Stoicism?,-0.003094123210757971
Who were the main opponents of Stoicism?,0.03605925664305687
Who were the main opponents of Stoicism?,0.003785171313211322
Who were the main opponents of Stoicism?,0.017359917983412743
Who were the main opponents of Stoicism?,-0.018344786018133163
Who were the main opponents of Stoicism?,-0.01263255812227726
Who were the main opponents of Stoicism?,0.0014805831015110016
Who were the main opponents of Stoicism?,0.02726111374795437
Who were the main opponents of Stoicism?,-0.010649693198502064
Who were the main opponents of Stoicism?,0.02364993467926979
Who were the main opponents of Stoicism?,-0.012921452522277832
Who were the main opponents of Stoicism?,-0.012140125036239624
Who were the main opponents of Stoicism?,-0.0058336942456662655
Who were the main opponents of Stoicism?,0.012041637673974037
Who were the main opponents of Stoicism?,0.005554648581892252
Who were the main opponents of Stoicism?,0.007215790916234255
Who were the main opponents of Stoicism?,0.007517816498875618
Who were the main opponents of Stoicism?,0.017570024356245995
Who were the main opponents of Stoicism?,0.005364241078495979
Who were the main opponents of Stoicism?,-0.03301273658871651
Who were the main opponents of Stoicism?,0.0017875332850962877
Who were the main opponents of Stoicism?,0.001802306273020804
Who were the main opponents of Stoicism?,0.006795580964535475
Who were the main opponents of Stoicism?,0.014221476390957832
Who were the main opponents of Stoicism?,0.015482106246054173
Who were the main opponents of Stoicism?,0.000795690284576267
Who were the main opponents of Stoicism?,0.00907390657812357
Who were the main opponents of Stoicism?,-0.00042759632924571633
Who were the main opponents of Stoicism?,0.020866043865680695
Who were the main opponents of Stoicism?,-0.005186965223401785
Who were the main opponents of Stoicism?,0.022494357079267502
Who were the main opponents of Stoicism?,-0.02189030684530735
Who were the main opponents of Stoicism?,-0.0034109221305698156
Who were the main opponents of Stoicism?,0.010748179629445076
Who were the main opponents of Stoicism?,0.028285374864935875
Who were the main opponents of Stoicism?,0.00416926946491003
Who were the main opponents of Stoicism?,0.023978224024176598
Who were the main opponents of Stoicism?,0.003171271178871393
Who were the main opponents of Stoicism?,0.024148933589458466
Who were the main opponents of Stoicism?,0.012041637673974037
Who were the main opponents of Stoicism?,-0.003906638361513615
Who were the main opponents of Stoicism?,0.002370246220380068
Who were the main opponents of Stoicism?,-0.017320524901151657
Who were the main opponents of Stoicism?,-0.016361920163035393
Who were the main opponents of Stoicism?,0.012560334987938404
Who were the main opponents of Stoicism?,0.009087037295103073
Who were the main opponents of Stoicism?,-0.01542957965284586
Who were the main opponents of Stoicism?,0.002314436947926879
Who were the main opponents of Stoicism?,-0.02586916834115982
Who were the main opponents of Stoicism?,-0.007452158723026514
Who were the main opponents of Stoicism?,-0.04598671570420265
Who were the main opponents of Stoicism?,0.023177199065685272
Who were the main opponents of Stoicism?,-0.00923148449510336
Who were the main opponents of Stoicism?,-0.015206343494355679
Who were the main opponents of Stoicism?,0.04034014418721199
Who were the main opponents of Stoicism?,0.0016660663532093167
Who were the main opponents of Stoicism?,0.0111421262845397
Who were the main opponents of Stoicism?,0.0003580401244107634
Who were the main opponents of Stoicism?,-0.014182082377374172
Who were the main opponents of Stoicism?,0.01621747389435768
Who were the main opponents of Stoicism?,8.02769063739106e-05
Who were the main opponents of Stoicism?,0.012770439498126507
Who were the main opponents of Stoicism?,-0.01423460803925991
Who were the main opponents of Stoicism?,-0.004028105176985264
Who were the main opponents of Stoicism?,-0.007865803316235542
Who were the main opponents of Stoicism?,0.01662455126643181
Who were the main opponents of Stoicism?,-0.0030218996107578278
Who were the main opponents of Stoicism?,0.023781251162290573
Who were the main opponents of Stoicism?,0.0035094087943434715
Who were the main opponents of Stoicism?,-0.004454880952835083
Who were the main opponents of Stoicism?,-0.02886316366493702
Who were the main opponents of Stoicism?,-0.008548643440008163
Who were the main opponents of Stoicism?,0.011411323212087154
Who were the main opponents of Stoicism?,-0.031200580298900604
Who were the main opponents of Stoicism?,0.0012081032618880272
Who were the main opponents of Stoicism?,-0.009041077457368374
Who were the main opponents of Stoicism?,-0.010150694288313389
Who were the main opponents of Stoicism?,0.004458163864910603
Who were the main opponents of Stoicism?,-0.01431339792907238
Who were the main opponents of Stoicism?,0.029834898188710213
Who were the main opponents of Stoicism?,0.013289135880768299
Who were the main opponents of Stoicism?,0.0037884542252868414
Who were the main opponents of Stoicism?,-0.012573466636240482
Who were the main opponents of Stoicism?,-0.00449755834415555
Who were the main opponents of Stoicism?,-0.01401137188076973
Who were the main opponents of Stoicism?,-0.0025146931875497103
Who were the main opponents of Stoicism?,0.05328786000609398
Who were the main opponents of Stoicism?,0.007340540643781424
Who were the main opponents of Stoicism?,-0.0076819611713290215
Who were the main opponents of Stoicism?,0.009920891374349594
Who were the main opponents of Stoicism?,0.03183089569211006
Who were the main opponents of Stoicism?,-0.010203219950199127
Who were the main opponents of Stoicism?,-0.015889184549450874
Who were the main opponents of Stoicism?,-0.0005749160191044211
Who were the main opponents of Stoicism?,-0.0039657303132116795
Who were the main opponents of Stoicism?,-0.012737610377371311
Who were the main opponents of Stoicism?,-0.013998240232467651
Who were the main opponents of Stoicism?,0.021010491997003555
Who were the main opponents of Stoicism?,0.014799265190958977
Who were the main opponents of Stoicism?,-0.034194573760032654
Who were the main opponents of Stoicism?,0.007491553667932749
Who were the main opponents of Stoicism?,-0.02265193685889244
Who were the main opponents of Stoicism?,0.06324157863855362
Who were the main opponents of Stoicism?,0.010623429901897907
Who were the main opponents of Stoicism?,-0.01037393044680357
Who were the main opponents of Stoicism?,-0.0041331578977406025
Who were the main opponents of Stoicism?,0.003026823978871107
Who were the main opponents of Stoicism?,-0.02388630248606205
Who were the main opponents of Stoicism?,-0.11009497940540314
Who were the main opponents of Stoicism?,-0.012258308939635754
Who were the main opponents of Stoicism?,0.018961969763040543
Who were the main opponents of Stoicism?,0.017858918756246567
Who were the main opponents of Stoicism?,0.040077514946460724
Who were the main opponents of Stoicism?,0.03285515680909157
Who were the main opponents of Stoicism?,-0.024135801941156387
Who were the main opponents of Stoicism?,0.02106301859021187
Who were the main opponents of Stoicism?,-0.018922574818134308
Who were the main opponents of Stoicism?,0.01401137188076973
Who were the main opponents of Stoicism?,0.012678518891334534
Who were the main opponents of Stoicism?,-0.035481467843055725
Who were the main opponents of Stoicism?,-0.0021240294445306063
Who were the main opponents of Stoicism?,-0.003003843827173114
Who were the main opponents of Stoicism?,0.008312275633215904
Who were the main opponents of Stoicism?,0.011595165356993675
Who were the main opponents of Stoicism?,-0.0081481309607625
Who were the main opponents of Stoicism?,-0.01960541494190693
Who were the main opponents of Stoicism?,-0.00845672283321619
Who were the main opponents of Stoicism?,0.00017871228919830173
Who were the main opponents of Stoicism?,0.018108418211340904
Who were the main opponents of Stoicism?,-0.010820403695106506
Who were the main opponents of Stoicism?,-0.004202098585665226
Who were the main opponents of Stoicism?,0.005807431414723396
Who were the main opponents of Stoicism?,0.011273441836237907
Who were the main opponents of Stoicism?,-0.006060213781893253
Who were the main opponents of Stoicism?,-0.022770119830965996
Who were the main opponents of Stoicism?,0.003880375297740102
Who were the main opponents of Stoicism?,0.011312836781144142
Who were the main opponents of Stoicism?,0.024674195796251297
Who were the main opponents of Stoicism?,0.00011192600504728034
Who were the main opponents of Stoicism?,-0.024096406996250153
Who were the main opponents of Stoicism?,0.00685467291623354
Who were the main opponents of Stoicism?,0.009152695536613464
Who were the main opponents of Stoicism?,0.019158942624926567
Who were the main opponents of Stoicism?,0.0011646050261333585
Who were the main opponents of Stoicism?,-0.017885182052850723
Who were the main opponents of Stoicism?,-0.022061016410589218
Who were the main opponents of Stoicism?,0.03298647329211235
Who were the main opponents of Stoicism?,-0.01805589161813259
Who were the main opponents of Stoicism?,0.02182464860379696
Who were the main opponents of Stoicism?,0.0010751462541520596
Who were the main opponents of Stoicism?,0.010656259022653103
Who were the main opponents of Stoicism?,-0.03167331591248512
Who were the main opponents of Stoicism?,-0.006027384661138058
Who were the main opponents of Stoicism?,-0.02051149308681488
Who were the main opponents of Stoicism?,0.0062768845818936825
Who were the main opponents of Stoicism?,0.00034675520146265626
Who were the main opponents of Stoicism?,0.04181087762117386
Who were the main opponents of Stoicism?,-0.003548803273588419
Who were the main opponents of Stoicism?,-0.005682681687176228
Who were the main opponents of Stoicism?,-0.0012130276300013065
Who were the main opponents of Stoicism?,-0.011962848715484142
Who were the main opponents of Stoicism?,-0.02540956437587738
Who were the main opponents of Stoicism?,0.01401137188076973
Who were the main opponents of Stoicism?,0.002572143916040659
Who were the main opponents of Stoicism?,0.018646812066435814
Who were the main opponents of Stoicism?,0.03947346284985542
Who were the main opponents of Stoicism?,0.007957723923027515
Who were the main opponents of Stoicism?,-0.001265553873963654
Who were the main opponents of Stoicism?,0.023938829079270363
Who were the main opponents of Stoicism?,0.011201218701899052
Who were the main opponents of Stoicism?,0.00810873694717884
Who were the main opponents of Stoicism?,-0.014628554694354534
Who were the main opponents of Stoicism?,0.014956844039261341
Who were the main opponents of Stoicism?,-0.009664826095104218
Who were the main opponents of Stoicism?,-0.005397070199251175
Who were the main opponents of Stoicism?,-0.021785253658890724
Who were the main opponents of Stoicism?,0.017018498852849007
Who were the main opponents of Stoicism?,-0.018384180963039398
Who were the main opponents of Stoicism?,0.027444954961538315
Who were the main opponents of Stoicism?,0.020787255838513374
Who were the main opponents of Stoicism?,-0.02525198459625244
Who were the main opponents of Stoicism?,0.01867307536303997
Who were the main opponents of Stoicism?,-0.03949972614645958
Who were the main opponents of Stoicism?,-0.00022405719209928066
Who were the main opponents of Stoicism?,-0.02686716616153717
Who were the main opponents of Stoicism?,0.01485179178416729
Who were the main opponents of Stoicism?,-0.005423333030194044
Who were the main opponents of Stoicism?,-0.013184083625674248
Who were the main opponents of Stoicism?,-0.024595407769083977
Who were the main opponents of Stoicism?,-0.00033095627441070974
Who were the main opponents of Stoicism?,-0.005387221463024616
Who were the main opponents of Stoicism?,-0.007852671667933464
Who were the main opponents of Stoicism?,0.011818401515483856
Who were the main opponents of Stoicism?,0.01072191633284092
Who were the main opponents of Stoicism?,0.0024391866754740477
Who were the main opponents of Stoicism?,0.00875874888151884
Who were the main opponents of Stoicism?,-0.009336537681519985
Who were the main opponents of Stoicism?,-0.0009594244183972478
Who were the main opponents of Stoicism?,-0.037556253373622894
Who were the main opponents of Stoicism?,0.028731847181916237
Who were the main opponents of Stoicism?,0.011411323212087154
Who were the main opponents of Stoicism?,-0.026197457686066628
Who were the main opponents of Stoicism?,-0.021023623645305634
Who were the main opponents of Stoicism?,-0.00953351054340601
Who were the main opponents of Stoicism?,0.002071503084152937
Who were the main opponents of Stoicism?,0.011411323212087154
Who were the main opponents of Stoicism?,-0.0023833776358515024
Who were the main opponents of Stoicism?,-0.000592151191085577
Who were the main opponents of Stoicism?,-0.008469854481518269
Who were the main opponents of Stoicism?,0.0015035633696243167
Who were the main opponents of Stoicism?,-0.04480487480759621
Who were the main opponents of Stoicism?,0.030964212492108345
Who were the main opponents of Stoicism?,0.008745617233216763
Who were the main opponents of Stoicism?,-0.00480615021660924
Who were the main opponents of Stoicism?,-0.0016939708730205894
Who were the main opponents of Stoicism?,0.013486109673976898
Who were the main opponents of Stoicism?,0.0254883524030447
Who were the main opponents of Stoicism?,-0.030885422602295876
Who were the main opponents of Stoicism?,0.005699095781892538
Who were the main opponents of Stoicism?,0.009586037136614323
Who were the main opponents of Stoicism?,-0.010643127374351025
Who were the main opponents of Stoicism?,0.007104172371327877
Who were the main opponents of Stoicism?,-0.010025943629443645
Who were the main opponents of Stoicism?,-0.002637801691889763
Who were the main opponents of Stoicism?,-0.0031860440503805876
Who were the main opponents of Stoicism?,-0.019631678238511086
Who were the main opponents of Stoicism?,0.027444954961538315
Who were the main opponents of Stoicism?,0.009710786864161491
Who were the main opponents of Stoicism?,0.01014412846416235
Who were the main opponents of Stoicism?,-0.008660262450575829
Who were the main opponents of Stoicism?,0.007123869843780994
Who were the main opponents of Stoicism?,-0.015337659046053886
Who were the main opponents of Stoicism?,0.00039887105231173337
Who were the main opponents of Stoicism?,0.006335976533591747
Who were the main opponents of Stoicism?,-0.009815839119255543
Who were the main opponents of Stoicism?,0.010781008750200272
Who were the main opponents of Stoicism?,0.00027801969554275274
Who were the main opponents of Stoicism?,0.01542957965284586
Who were the main opponents of Stoicism?,-0.04370182380080223
Who were the main opponents of Stoicism?,0.01156233623623848
Who were the main opponents of Stoicism?,-0.008791578002274036
Who were the main opponents of Stoicism?,-0.02504188008606434
Who were the main opponents of Stoicism?,-0.01936904713511467
Who were the main opponents of Stoicism?,0.013374491594731808
Who were the main opponents of Stoicism?,0.01700536720454693
Who were the main opponents of Stoicism?,-0.01175274420529604
Who were the main opponents of Stoicism?,-0.008785012178122997
Who were the main opponents of Stoicism?,0.010190088301897049
Who were the main opponents of Stoicism?,-0.016965972259640694
Who were the main opponents of Stoicism?,0.055677805095911026
Who were the main opponents of Stoicism?,-0.00094957574037835
Who were the main opponents of Stoicism?,-0.02818032167851925
Who were the main opponents of Stoicism?,0.01078757457435131
Who were the main opponents of Stoicism?,-0.039158303290605545
Who were the main opponents of Stoicism?,-0.0068481070920825005
Who were the main opponents of Stoicism?,0.003949315752834082
Who were the main opponents of Stoicism?,-0.01760941930115223
Who were the main opponents of Stoicism?,0.021929699927568436
Who were the main opponents of Stoicism?,0.010229483246803284
Who were the main opponents of Stoicism?,0.009461287409067154
Who were the main opponents of Stoicism?,0.018646812066435814
Who were the main opponents of Stoicism?,0.01412955578416586
Who were the main opponents of Stoicism?,0.001103871501982212
Who were the main opponents of Stoicism?,-0.007767316419631243
Who were the main opponents of Stoicism?,-0.016099289059638977
Who were the main opponents of Stoicism?,-0.03046521358191967
Who were the main opponents of Stoicism?,-0.015140685252845287
Who were the main opponents of Stoicism?,-9.510119707556441e-05
Who were the main opponents of Stoicism?,-0.0027641928754746914
Who were the main opponents of Stoicism?,-0.020944833755493164
Who were the main opponents of Stoicism?,0.012021941132843494
Who were the main opponents of Stoicism?,0.0010152335744351149
Who were the main opponents of Stoicism?,0.003955881576985121
Who were the main opponents of Stoicism?,-0.015035632997751236
Who were the main opponents of Stoicism?,0.004307150840759277
Who were the main opponents of Stoicism?,-0.024766117334365845
Who were the main opponents of Stoicism?,-0.011687085963785648
Who were the main opponents of Stoicism?,-0.011759310029447079
Who were the main opponents of Stoicism?,-0.006651133764535189
Who were the main opponents of Stoicism?,-0.007091041188687086
Who were the main opponents of Stoicism?,-0.041994720697402954
Who were the main opponents of Stoicism?,0.005186965223401785
Who were the main opponents of Stoicism?,0.0014100009575486183
Who were the main opponents of Stoicism?,0.0070582120679318905
Who were the main opponents of Stoicism?,0.0032270802184939384
Who were the main opponents of Stoicism?,-0.02280951477587223
Who were the main opponents of Stoicism?,0.01982865110039711
Who were the main opponents of Stoicism?,0.002119105076417327
Who were the main opponents of Stoicism?,-0.008614301681518555
Who were the main opponents of Stoicism?,0.02572472020983696
Who were the main opponents of Stoicism?,-0.005640003830194473
Who were the main opponents of Stoicism?,-0.004888222087174654
Who were the main opponents of Stoicism?,-0.0235842764377594
Who were the main opponents of Stoicism?,0.01768820732831955
Who were the main opponents of Stoicism?,0.01889631152153015
Who were the main opponents of Stoicism?,-0.007649132050573826
Who were the main opponents of Stoicism?,-0.029572267085313797
Who were the main opponents of Stoicism?,-0.0035028429701924324
Who were the main opponents of Stoicism?,0.002744495403021574
Who were the main opponents of Stoicism?,0.005830411333590746
Who were the main opponents of Stoicism?,0.015862921252846718
Who were the main opponents of Stoicism?,0.00715669896453619
Who were the main opponents of Stoicism?,-0.002532749203965068
Who were the main opponents of Stoicism?,-0.04041893407702446
Who were the main opponents of Stoicism?,0.009375931695103645
Who were the main opponents of Stoicism?,0.0159942377358675
Who were the main opponents of Stoicism?,-0.0445685051381588
Who were the main opponents of Stoicism?,-0.011188087053596973
Who were the main opponents of Stoicism?,0.007340540643781424
Who were the main opponents of Stoicism?,0.012809834443032742
Who were the main opponents of Stoicism?,-0.012337097898125648
Who were the main opponents of Stoicism?,-0.0016299545532092452
Who were the main opponents of Stoicism?,0.016572024673223495
Who were the main opponents of Stoicism?,-0.0037621911615133286
Who were the main opponents of Stoicism?,-0.01197598036378622
Who were the main opponents of Stoicism?,0.020695334300398827
Who were the main opponents of Stoicism?,-0.010879495181143284
Who were the main opponents of Stoicism?,-0.018712468445301056
Who were the main opponents of Stoicism?,0.0016143608372658491
Who were the main opponents of Stoicism?,0.02726111374795437
Who were the main opponents of Stoicism?,0.016821524128317833
Who were the main opponents of Stoicism?,0.021404437720775604
Who were the main opponents of Stoicism?,-0.0009692730964161456
Who were the main opponents of Stoicism?,-0.00727488286793232
Who were the main opponents of Stoicism?,-0.00881127454340458
Who were the main opponents of Stoicism?,0.013367925770580769
Who were the main opponents of Stoicism?,0.002824926283210516
Who were the main opponents of Stoicism?,-0.00922491867095232
Who were the main opponents of Stoicism?,0.011621428653597832
Who were the main opponents of Stoicism?,0.029651056975126266
Who were the main opponents of Stoicism?,0.03382689133286476
Who were the main opponents of Stoicism?,0.01676899939775467
Who were the main opponents of Stoicism?,0.016348788514733315
Who were the main opponents of Stoicism?,0.009986549615859985
Who were the main opponents of Stoicism?,0.024595407769083977
Who were the main opponents of Stoicism?,-0.0027477783150970936
Who were the main opponents of Stoicism?,8.668880036566406e-05
Who were the main opponents of Stoicism?,-0.014497239142656326
Who were the main opponents of Stoicism?,-0.005735207814723253
Who were the main opponents of Stoicism?,0.004064217209815979
Who were the main opponents of Stoicism?,0.004812715575098991
Who were the main opponents of Stoicism?,-0.02441156469285488
Who were the main opponents of Stoicism?,-0.04070782661437988
Who were the main opponents of Stoicism?,0.008318841457366943
Who were the main opponents of Stoicism?,-0.0010923814261332154
Who were the main opponents of Stoicism?,-0.0004366242792457342
Who were the main opponents of Stoicism?,-0.02680150792002678
Who were the main opponents of Stoicism?,0.01120778452605009
Who were the main opponents of Stoicism?,-0.035954203456640244
Who were the main opponents of Stoicism?,0.01792457513511181
Who were the main opponents of Stoicism?,0.02594795823097229
Who were the main opponents of Stoicism?,-0.00018045632168650627
Who were the main opponents of Stoicism?,0.0026837619952857494
Who were the main opponents of Stoicism?,-0.014825528487563133
Who were the main opponents of Stoicism?,0.022100411355495453
Who were the main opponents of Stoicism?,-0.017241735011339188
Who were the main opponents of Stoicism?,0.026302509009838104
Who were the main opponents of Stoicism?,-0.012783571146428585
Who were the main opponents of Stoicism?,-0.005804148502647877
Who were the main opponents of Stoicism?,-0.0012630916899070144
Who were the main opponents of Stoicism?,-0.005784451030194759
Who were the main opponents of Stoicism?,0.005508688278496265
Who were the main opponents of Stoicism?,-0.027287377044558525
Who were the main opponents of Stoicism?,0.000901153136510402
Who were the main opponents of Stoicism?,-0.00875874888151884
Who were the main opponents of Stoicism?,-0.007077909540385008
Who were the main opponents of Stoicism?,0.01700536720454693
Who were the main opponents of Stoicism?,0.0026328773237764835
Who were the main opponents of Stoicism?,-0.014799265190958977
Who were the main opponents of Stoicism?,0.01762254908680916
Who were the main opponents of Stoicism?,0.021154938265681267
Who were the main opponents of Stoicism?,0.0016225680010393262
Who were the main opponents of Stoicism?,-0.0016750942450016737
Who were the main opponents of Stoicism?,0.006250621285289526
Who were the main opponents of Stoicism?,-0.020091282203793526
Who were the main opponents of Stoicism?,0.02647322043776512
Who were the main opponents of Stoicism?,-0.01959228329360485
Who were the main opponents of Stoicism?,-0.00405436847358942
Who were the main opponents of Stoicism?,-0.045356400310993195
Who were the main opponents of Stoicism?,-0.006401634309440851
Who were the main opponents of Stoicism?,0.014589160680770874
Who were the main opponents of Stoicism?,-0.051712073385715485
Who were the main opponents of Stoicism?,-0.03201473504304886
Who were the main opponents of Stoicism?,0.004490992520004511
Who were the main opponents of Stoicism?,0.012481545098125935
Who were the main opponents of Stoicism?,0.0075966059230268
Who were the main opponents of Stoicism?,-0.023308513686060905
Who were the main opponents of Stoicism?,0.013223478570580482
Who were the main opponents of Stoicism?,0.0003707613213919103
Who were the main opponents of Stoicism?,-0.0071304356679320335
Who were the main opponents of Stoicism?,0.009796141646802425
Who were the main opponents of Stoicism?,-0.023216594010591507
Who were the main opponents of Stoicism?,-0.0339844711124897
Who were the main opponents of Stoicism?,0.014024503529071808
Who were the main opponents of Stoicism?,-0.006365522276610136
Who were the main opponents of Stoicism?,0.0012343664420768619
Who were the main opponents of Stoicism?,-0.013446714729070663
Who were the main opponents of Stoicism?,-0.025396432727575302
